{
  "Logistic Regression": {
    "roc_auc": 0.6712485681557847,
    "ks_statistic": 0.3275105001909125,
    "gini": 0.3424971363115694,
    "brier_score": 0.25256678003939603,
    "average_precision": 0.6568605816532213,
    "lift_decile_1": 1.6907216494845363,
    "lift_decile_2": 1.4948453608247423
  },
  "LightGBM": {
    "roc_auc": 0.6541618938526155,
    "ks_statistic": 0.2604047346315388,
    "gini": 0.30832378770523095,
    "brier_score": 0.24513710528841165,
    "average_precision": 0.6290343157571769,
    "lift_decile_1": 1.3737113402061858,
    "lift_decile_2": 1.3917525773195878
  }
}